[
{
  "model": "admin.logentry",
  "pk": 1,
  "fields": {
    "action_time": "2024-07-01T14:31:27.804Z",
    "user": 1,
    "content_type": 7,
    "object_id": "2",
    "object_repr": "LLOO",
    "action_flag": 3,
    "change_message": ""
  }
},
{
  "model": "admin.logentry",
  "pk": 2,
  "fields": {
    "action_time": "2024-07-01T14:31:28.112Z",
    "user": 1,
    "content_type": 7,
    "object_id": "1",
    "object_repr": "Luffy",
    "action_flag": 3,
    "change_message": ""
  }
},
{
  "model": "admin.logentry",
  "pk": 3,
  "fields": {
    "action_time": "2024-07-01T14:37:43.501Z",
    "user": 1,
    "content_type": 9,
    "object_id": "1",
    "object_repr": "Del revés 2 (Inside Out 2) - 2024-07-01 14:37:42+00:00",
    "action_flag": 1,
    "change_message": "[{\"added\": {}}]"
  }
},
{
  "model": "admin.logentry",
  "pk": 4,
  "fields": {
    "action_time": "2024-07-01T14:38:01.108Z",
    "user": 1,
    "content_type": 9,
    "object_id": "2",
    "object_repr": "Del revés 2 (Inside Out 2) - 2024-07-01 14:37:56+00:00",
    "action_flag": 1,
    "change_message": "[{\"added\": {}}]"
  }
},
{
  "model": "admin.logentry",
  "pk": 5,
  "fields": {
    "action_time": "2024-07-01T14:38:18.295Z",
    "user": 1,
    "content_type": 9,
    "object_id": "3",
    "object_repr": "Un lugar tranquilo: Día uno - 2024-07-01 14:38:16+00:00",
    "action_flag": 1,
    "change_message": "[{\"added\": {}}]"
  }
},
{
  "model": "admin.logentry",
  "pk": 6,
  "fields": {
    "action_time": "2024-07-01T14:38:30.071Z",
    "user": 1,
    "content_type": 9,
    "object_id": "4",
    "object_repr": "Del revés 2 (Inside Out 2) - 2024-07-01 14:38:26+00:00",
    "action_flag": 1,
    "change_message": "[{\"added\": {}}]"
  }
},
{
  "model": "admin.logentry",
  "pk": 7,
  "fields": {
    "action_time": "2024-07-01T14:38:38.726Z",
    "user": 1,
    "content_type": 9,
    "object_id": "5",
    "object_repr": "Un lugar tranquilo: Día uno - 2024-07-01 14:38:36+00:00",
    "action_flag": 1,
    "change_message": "[{\"added\": {}}]"
  }
},
{
  "model": "admin.logentry",
  "pk": 8,
  "fields": {
    "action_time": "2024-07-01T19:01:39.030Z",
    "user": 1,
    "content_type": 9,
    "object_id": "6",
    "object_repr": "Un lugar tranquilo: Día uno - 2024-07-01 19:01:34+00:00",
    "action_flag": 1,
    "change_message": "[{\"added\": {}}]"
  }
},
{
  "model": "admin.logentry",
  "pk": 9,
  "fields": {
    "action_time": "2024-07-01T19:01:49.834Z",
    "user": 1,
    "content_type": 9,
    "object_id": "7",
    "object_repr": "Un lugar tranquilo: Día uno - 2024-07-01 19:02:43+00:00",
    "action_flag": 1,
    "change_message": "[{\"added\": {}}]"
  }
},
{
  "model": "admin.logentry",
  "pk": 10,
  "fields": {
    "action_time": "2024-07-01T19:02:01.879Z",
    "user": 1,
    "content_type": 9,
    "object_id": "8",
    "object_repr": "Del revés 2 (Inside Out 2) - 2024-07-01 19:01:53+00:00",
    "action_flag": 1,
    "change_message": "[{\"added\": {}}]"
  }
},
{
  "model": "admin.logentry",
  "pk": 11,
  "fields": {
    "action_time": "2024-07-02T16:49:51.980Z",
    "user": 1,
    "content_type": 9,
    "object_id": "9",
    "object_repr": "Del revés 2 (Inside Out 2) - 2024-07-11 18:00:00+00:00",
    "action_flag": 1,
    "change_message": "[{\"added\": {}}]"
  }
},
{
  "model": "admin.logentry",
  "pk": 12,
  "fields": {
    "action_time": "2024-07-02T16:50:17.110Z",
    "user": 1,
    "content_type": 9,
    "object_id": "10",
    "object_repr": "Del revés 2 (Inside Out 2) - 2024-07-11 06:00:00+00:00",
    "action_flag": 1,
    "change_message": "[{\"added\": {}}]"
  }
},
{
  "model": "admin.logentry",
  "pk": 13,
  "fields": {
    "action_time": "2024-07-02T16:50:57.968Z",
    "user": 1,
    "content_type": 9,
    "object_id": "11",
    "object_repr": "Del revés 2 (Inside Out 2) - 2024-07-11 14:00:00+00:00",
    "action_flag": 1,
    "change_message": "[{\"added\": {}}]"
  }
},
{
  "model": "admin.logentry",
  "pk": 14,
  "fields": {
    "action_time": "2024-07-02T16:51:28.431Z",
    "user": 1,
    "content_type": 9,
    "object_id": "12",
    "object_repr": "Del revés 2 (Inside Out 2) - 2024-07-20 06:00:00+00:00",
    "action_flag": 1,
    "change_message": "[{\"added\": {}}]"
  }
},
{
  "model": "admin.logentry",
  "pk": 15,
  "fields": {
    "action_time": "2024-07-02T16:51:47.773Z",
    "user": 1,
    "content_type": 9,
    "object_id": "13",
    "object_repr": "Del revés 2 (Inside Out 2) - 2024-07-20 15:00:00+00:00",
    "action_flag": 1,
    "change_message": "[{\"added\": {}}]"
  }
},
{
  "model": "admin.logentry",
  "pk": 16,
  "fields": {
    "action_time": "2024-07-02T16:52:00.103Z",
    "user": 1,
    "content_type": 9,
    "object_id": "14",
    "object_repr": "Del revés 2 (Inside Out 2) - 2024-07-20 18:00:00+00:00",
    "action_flag": 1,
    "change_message": "[{\"added\": {}}]"
  }
},
{
  "model": "admin.logentry",
  "pk": 17,
  "fields": {
    "action_time": "2024-07-02T21:01:42.205Z",
    "user": 1,
    "content_type": 9,
    "object_id": "15",
    "object_repr": "Un lugar tranquilo: Día uno - 2024-07-09 08:00:00+00:00",
    "action_flag": 1,
    "change_message": "[{\"added\": {}}]"
  }
},
{
  "model": "admin.logentry",
  "pk": 18,
  "fields": {
    "action_time": "2024-07-02T21:01:59.597Z",
    "user": 1,
    "content_type": 9,
    "object_id": "16",
    "object_repr": "Un lugar tranquilo: Día uno - 2024-07-09 12:00:00+00:00",
    "action_flag": 1,
    "change_message": "[{\"added\": {}}]"
  }
},
{
  "model": "admin.logentry",
  "pk": 19,
  "fields": {
    "action_time": "2024-07-02T21:02:19.042Z",
    "user": 1,
    "content_type": 9,
    "object_id": "17",
    "object_repr": "Un lugar tranquilo: Día uno - 2024-07-13 15:00:00+00:00",
    "action_flag": 1,
    "change_message": "[{\"added\": {}}]"
  }
},
{
  "model": "admin.logentry",
  "pk": 20,
  "fields": {
    "action_time": "2024-07-02T21:02:28.087Z",
    "user": 1,
    "content_type": 9,
    "object_id": "18",
    "object_repr": "Un lugar tranquilo: Día uno - 2024-07-13 15:00:00+00:00",
    "action_flag": 1,
    "change_message": "[{\"added\": {}}]"
  }
},
{
  "model": "admin.logentry",
  "pk": 21,
  "fields": {
    "action_time": "2024-07-02T21:02:53.584Z",
    "user": 1,
    "content_type": 9,
    "object_id": "19",
    "object_repr": "Un lugar tranquilo: Día uno - 2024-07-18 14:00:00+00:00",
    "action_flag": 1,
    "change_message": "[{\"added\": {}}]"
  }
},
{
  "model": "admin.logentry",
  "pk": 22,
  "fields": {
    "action_time": "2024-07-02T21:03:49.616Z",
    "user": 1,
    "content_type": 9,
    "object_id": "20",
    "object_repr": "Gru 4. Mi villano favorito - 2024-07-22 14:00:00+00:00",
    "action_flag": 1,
    "change_message": "[{\"added\": {}}]"
  }
},
{
  "model": "admin.logentry",
  "pk": 23,
  "fields": {
    "action_time": "2024-07-02T21:04:01.513Z",
    "user": 1,
    "content_type": 9,
    "object_id": "21",
    "object_repr": "Gru 4. Mi villano favorito - 2024-07-22 18:00:00+00:00",
    "action_flag": 1,
    "change_message": "[{\"added\": {}}]"
  }
},
{
  "model": "admin.logentry",
  "pk": 24,
  "fields": {
    "action_time": "2024-07-02T21:04:39.017Z",
    "user": 1,
    "content_type": 9,
    "object_id": "22",
    "object_repr": "Gru 4. Mi villano favorito - 2024-07-22 20:00:00+00:00",
    "action_flag": 1,
    "change_message": "[{\"added\": {}}]"
  }
},
{
  "model": "admin.logentry",
  "pk": 25,
  "fields": {
    "action_time": "2024-07-02T21:48:05.015Z",
    "user": 1,
    "content_type": 9,
    "object_id": "22",
    "object_repr": "Gru 4. Mi villano favorito - 2024-07-22 20:00:00+00:00",
    "action_flag": 3,
    "change_message": ""
  }
},
{
  "model": "admin.logentry",
  "pk": 26,
  "fields": {
    "action_time": "2024-07-02T21:48:10.075Z",
    "user": 1,
    "content_type": 9,
    "object_id": "1",
    "object_repr": "Del revés 2 (Inside Out 2) - 2024-07-01 14:37:42+00:00",
    "action_flag": 3,
    "change_message": ""
  }
},
{
  "model": "admin.logentry",
  "pk": 27,
  "fields": {
    "action_time": "2024-07-02T21:48:14.059Z",
    "user": 1,
    "content_type": 9,
    "object_id": "2",
    "object_repr": "Del revés 2 (Inside Out 2) - 2024-07-01 14:37:56+00:00",
    "action_flag": 3,
    "change_message": ""
  }
},
{
  "model": "admin.logentry",
  "pk": 28,
  "fields": {
    "action_time": "2024-07-04T17:32:05.669Z",
    "user": 1,
    "content_type": 9,
    "object_id": "23",
    "object_repr": "El último late night - 2024-07-24 14:00:00+00:00",
    "action_flag": 1,
    "change_message": "[{\"added\": {}}]"
  }
},
{
  "model": "admin.logentry",
  "pk": 29,
  "fields": {
    "action_time": "2024-07-21T00:40:45.812Z",
    "user": 1,
    "content_type": 8,
    "object_id": "5",
    "object_repr": "Del revés 2 (Inside Out 2) - Alexander Villafuerte Quispe",
    "action_flag": 3,
    "change_message": ""
  }
},
{
  "model": "admin.logentry",
  "pk": 30,
  "fields": {
    "action_time": "2024-07-21T00:40:46.950Z",
    "user": 1,
    "content_type": 8,
    "object_id": "4",
    "object_repr": "Del revés 2 (Inside Out 2) - Alexander Villafuerte Quispe",
    "action_flag": 3,
    "change_message": ""
  }
},
{
  "model": "admin.logentry",
  "pk": 31,
  "fields": {
    "action_time": "2024-07-21T00:40:47.294Z",
    "user": 1,
    "content_type": 8,
    "object_id": "3",
    "object_repr": "Del revés 2 (Inside Out 2) - Alexander Villafuerte Quispe",
    "action_flag": 3,
    "change_message": ""
  }
},
{
  "model": "admin.logentry",
  "pk": 32,
  "fields": {
    "action_time": "2024-07-21T00:40:47.344Z",
    "user": 1,
    "content_type": 8,
    "object_id": "2",
    "object_repr": "Del revés 2 (Inside Out 2) - Alexander Villafuerte Quispe",
    "action_flag": 3,
    "change_message": ""
  }
},
{
  "model": "admin.logentry",
  "pk": 33,
  "fields": {
    "action_time": "2024-07-21T00:40:47.440Z",
    "user": 1,
    "content_type": 8,
    "object_id": "1",
    "object_repr": "Del revés 2 (Inside Out 2) - admin",
    "action_flag": 3,
    "change_message": ""
  }
},
{
  "model": "admin.logentry",
  "pk": 34,
  "fields": {
    "action_time": "2024-07-22T23:06:00.712Z",
    "user": 1,
    "content_type": 8,
    "object_id": "17",
    "object_repr": "Del revés 2 (Inside Out 2) - Alexander Villafuerte Quispe - 2024-07-22 23:05:24.372548+00:00",
    "action_flag": 3,
    "change_message": ""
  }
},
{
  "model": "admin.logentry",
  "pk": 35,
  "fields": {
    "action_time": "2024-07-22T23:06:01.015Z",
    "user": 1,
    "content_type": 8,
    "object_id": "16",
    "object_repr": "Del revés 2 (Inside Out 2) - Alexander Villafuerte Quispe - 2024-07-22 23:05:24.148547+00:00",
    "action_flag": 3,
    "change_message": ""
  }
},
{
  "model": "admin.logentry",
  "pk": 36,
  "fields": {
    "action_time": "2024-07-22T23:06:01.063Z",
    "user": 1,
    "content_type": 8,
    "object_id": "15",
    "object_repr": "Del revés 2 (Inside Out 2) - Alexander Villafuerte Quispe - 2024-07-22 23:03:45.690795+00:00",
    "action_flag": 3,
    "change_message": ""
  }
},
{
  "model": "admin.logentry",
  "pk": 37,
  "fields": {
    "action_time": "2024-07-22T23:06:01.114Z",
    "user": 1,
    "content_type": 8,
    "object_id": "14",
    "object_repr": "Del revés 2 (Inside Out 2) - Alexander Villafuerte Quispe - 2024-07-22 23:03:45.531548+00:00",
    "action_flag": 3,
    "change_message": ""
  }
},
{
  "model": "admin.logentry",
  "pk": 38,
  "fields": {
    "action_time": "2024-07-22T23:06:01.159Z",
    "user": 1,
    "content_type": 8,
    "object_id": "13",
    "object_repr": "Un lugar tranquilo: Día uno - Alexander Villafuerte Quispe - 2024-07-22 23:01:28.858798+00:00",
    "action_flag": 3,
    "change_message": ""
  }
},
{
  "model": "admin.logentry",
  "pk": 39,
  "fields": {
    "action_time": "2024-07-22T23:06:01.232Z",
    "user": 1,
    "content_type": 8,
    "object_id": "11",
    "object_repr": "Del revés 2 (Inside Out 2) - Alexander Villafuerte Quispe - 2024-07-22 00:53:22.383420+00:00",
    "action_flag": 3,
    "change_message": ""
  }
},
{
  "model": "admin.logentry",
  "pk": 40,
  "fields": {
    "action_time": "2024-07-22T23:06:01.282Z",
    "user": 1,
    "content_type": 8,
    "object_id": "10",
    "object_repr": "Del revés 2 (Inside Out 2) - Alexander Villafuerte Quispe - 2024-07-22 00:53:22.229152+00:00",
    "action_flag": 3,
    "change_message": ""
  }
},
{
  "model": "admin.logentry",
  "pk": 41,
  "fields": {
    "action_time": "2024-07-22T23:06:01.355Z",
    "user": 1,
    "content_type": 8,
    "object_id": "9",
    "object_repr": "Del revés 2 (Inside Out 2) - Alexander Villafuerte Quispe - 2024-07-21 21:10:11.820775+00:00",
    "action_flag": 3,
    "change_message": ""
  }
},
{
  "model": "admin.logentry",
  "pk": 42,
  "fields": {
    "action_time": "2024-07-22T23:06:01.460Z",
    "user": 1,
    "content_type": 8,
    "object_id": "8",
    "object_repr": "Del revés 2 (Inside Out 2) - Alexander Villafuerte Quispe - 2024-07-21 21:10:11.618871+00:00",
    "action_flag": 3,
    "change_message": ""
  }
},
{
  "model": "admin.logentry",
  "pk": 43,
  "fields": {
    "action_time": "2024-07-22T23:06:57.607Z",
    "user": 1,
    "content_type": 8,
    "object_id": "23",
    "object_repr": "Del revés 2 (Inside Out 2) - Alexander Villafuerte Quispe - 2024-07-22 23:06:45.680915+00:00",
    "action_flag": 3,
    "change_message": ""
  }
},
{
  "model": "admin.logentry",
  "pk": 44,
  "fields": {
    "action_time": "2024-07-22T23:06:57.747Z",
    "user": 1,
    "content_type": 8,
    "object_id": "22",
    "object_repr": "Del revés 2 (Inside Out 2) - Alexander Villafuerte Quispe - 2024-07-22 23:06:45.533934+00:00",
    "action_flag": 3,
    "change_message": ""
  }
},
{
  "model": "admin.logentry",
  "pk": 45,
  "fields": {
    "action_time": "2024-07-22T23:06:57.897Z",
    "user": 1,
    "content_type": 8,
    "object_id": "21",
    "object_repr": "Del revés 2 (Inside Out 2) - Alexander Villafuerte Quispe - 2024-07-22 23:06:45.158876+00:00",
    "action_flag": 3,
    "change_message": ""
  }
},
{
  "model": "admin.logentry",
  "pk": 46,
  "fields": {
    "action_time": "2024-07-22T23:06:57.948Z",
    "user": 1,
    "content_type": 8,
    "object_id": "20",
    "object_repr": "Del revés 2 (Inside Out 2) - Alexander Villafuerte Quispe - 2024-07-22 23:06:43.588661+00:00",
    "action_flag": 3,
    "change_message": ""
  }
},
{
  "model": "admin.logentry",
  "pk": 47,
  "fields": {
    "action_time": "2024-07-22T23:06:58.098Z",
    "user": 1,
    "content_type": 8,
    "object_id": "19",
    "object_repr": "Del revés 2 (Inside Out 2) - Alexander Villafuerte Quispe - 2024-07-22 23:06:26.488655+00:00",
    "action_flag": 3,
    "change_message": ""
  }
},
{
  "model": "admin.logentry",
  "pk": 48,
  "fields": {
    "action_time": "2024-07-22T23:06:58.272Z",
    "user": 1,
    "content_type": 8,
    "object_id": "18",
    "object_repr": "Del revés 2 (Inside Out 2) - Alexander Villafuerte Quispe - 2024-07-22 23:06:26.138496+00:00",
    "action_flag": 3,
    "change_message": ""
  }
},
{
  "model": "admin.logentry",
  "pk": 49,
  "fields": {
    "action_time": "2024-07-22T23:07:56.334Z",
    "user": 1,
    "content_type": 9,
    "object_id": "4",
    "object_repr": "Del revés 2 (Inside Out 2) - 2024-07-01 14:38:26+00:00",
    "action_flag": 2,
    "change_message": "[{\"changed\": {\"fields\": [\"Asientos ocupados\"]}}]"
  }
},
{
  "model": "admin.logentry",
  "pk": 50,
  "fields": {
    "action_time": "2024-07-22T23:31:14.307Z",
    "user": 1,
    "content_type": 8,
    "object_id": "27",
    "object_repr": "Un lugar tranquilo: Día uno - Alexander Villafuerte Quispe - 2024-07-22 23:30:52.037907+00:00",
    "action_flag": 3,
    "change_message": ""
  }
},
{
  "model": "admin.logentry",
  "pk": 51,
  "fields": {
    "action_time": "2024-07-22T23:31:14.476Z",
    "user": 1,
    "content_type": 8,
    "object_id": "26",
    "object_repr": "Un lugar tranquilo: Día uno - Alexander Villafuerte Quispe - 2024-07-22 23:26:53.088090+00:00",
    "action_flag": 3,
    "change_message": ""
  }
},
{
  "model": "admin.logentry",
  "pk": 52,
  "fields": {
    "action_time": "2024-07-22T23:31:30.393Z",
    "user": 1,
    "content_type": 9,
    "object_id": "4",
    "object_repr": "Del revés 2 (Inside Out 2) - 2024-07-01 14:38:26+00:00",
    "action_flag": 2,
    "change_message": "[{\"changed\": {\"fields\": [\"Asientos ocupados\"]}}]"
  }
},
{
  "model": "admin.logentry",
  "pk": 53,
  "fields": {
    "action_time": "2024-07-22T23:32:41.254Z",
    "user": 1,
    "content_type": 9,
    "object_id": "15",
    "object_repr": "Un lugar tranquilo: Día uno - 2024-07-09 08:00:00+00:00",
    "action_flag": 2,
    "change_message": "[{\"changed\": {\"fields\": [\"Asientos ocupados\"]}}]"
  }
},
{
  "model": "admin.logentry",
  "pk": 54,
  "fields": {
    "action_time": "2024-07-22T23:37:47.674Z",
    "user": 1,
    "content_type": 9,
    "object_id": "4",
    "object_repr": "Del revés 2 (Inside Out 2) - 2024-07-01 14:38:26+00:00",
    "action_flag": 2,
    "change_message": "[{\"changed\": {\"fields\": [\"Asientos ocupados\"]}}]"
  }
},
{
  "model": "admin.logentry",
  "pk": 55,
  "fields": {
    "action_time": "2024-07-23T00:04:24.695Z",
    "user": 1,
    "content_type": 9,
    "object_id": "4",
    "object_repr": "Del revés 2 (Inside Out 2) - 2024-07-01 14:38:26+00:00",
    "action_flag": 2,
    "change_message": "[{\"changed\": {\"fields\": [\"Asientos ocupados\"]}}]"
  }
},
{
  "model": "admin.logentry",
  "pk": 56,
  "fields": {
    "action_time": "2024-07-23T06:31:13.478Z",
    "user": 1,
    "content_type": 10,
    "object_id": "1",
    "object_repr": "rataresa",
    "action_flag": 1,
    "change_message": "[{\"added\": {}}]"
  }
},
{
  "model": "admin.logentry",
  "pk": 57,
  "fields": {
    "action_time": "2024-07-23T06:31:31.206Z",
    "user": 1,
    "content_type": 10,
    "object_id": "1",
    "object_repr": "rataresa",
    "action_flag": 3,
    "change_message": ""
  }
},
{
  "model": "admin.logentry",
  "pk": 58,
  "fields": {
    "action_time": "2024-07-23T06:32:36.818Z",
    "user": 1,
    "content_type": 10,
    "object_id": "2",
    "object_repr": "Alexander Villafuerte Quispe",
    "action_flag": 1,
    "change_message": "[{\"added\": {}}]"
  }
},
{
  "model": "admin.logentry",
  "pk": 59,
  "fields": {
    "action_time": "2024-07-23T06:33:01.027Z",
    "user": 1,
    "content_type": 10,
    "object_id": "3",
    "object_repr": "Alexander Villaq",
    "action_flag": 1,
    "change_message": "[{\"added\": {}}]"
  }
},
{
  "model": "admin.logentry",
  "pk": 60,
  "fields": {
    "action_time": "2024-07-23T06:38:03.742Z",
    "user": 1,
    "content_type": 10,
    "object_id": "2",
    "object_repr": "Alexander Villafuerte Quispe",
    "action_flag": 2,
    "change_message": "[{\"changed\": {\"fields\": [\"Dni\"]}}]"
  }
},
{
  "model": "admin.logentry",
  "pk": 61,
  "fields": {
    "action_time": "2024-07-25T06:14:29.633Z",
    "user": 1,
    "content_type": 10,
    "object_id": "2",
    "object_repr": "Alexander Villafuerte Quispe - avillafuerteq@unsa.edu.pe",
    "action_flag": 2,
    "change_message": "[{\"changed\": {\"fields\": [\"Telefono\"]}}]"
  }
},
{
  "model": "admin.logentry",
  "pk": 62,
  "fields": {
    "action_time": "2024-07-25T06:14:34.212Z",
    "user": 1,
    "content_type": 10,
    "object_id": "4",
    "object_repr": "Juan Perez - juanPerez@gmail.com",
    "action_flag": 2,
    "change_message": "[{\"changed\": {\"fields\": [\"Telefono\"]}}]"
  }
},
{
  "model": "admin.logentry",
  "pk": 63,
  "fields": {
    "action_time": "2024-07-25T06:14:39.266Z",
    "user": 1,
    "content_type": 10,
    "object_id": "3",
    "object_repr": "Alexander Villaq - rataresa@gmail.com",
    "action_flag": 2,
    "change_message": "[{\"changed\": {\"fields\": [\"Telefono\"]}}]"
  }
},
{
  "model": "admin.logentry",
  "pk": 64,
  "fields": {
    "action_time": "2024-07-25T06:16:13.909Z",
    "user": 1,
    "content_type": 10,
    "object_id": "2",
    "object_repr": "Alexander Villafuerte Quispe - avillafuerteq@unsa.edu.pe",
    "action_flag": 2,
    "change_message": "[{\"changed\": {\"fields\": [\"Telefono\"]}}]"
  }
},
{
  "model": "admin.logentry",
  "pk": 65,
  "fields": {
    "action_time": "2024-07-25T06:16:19.111Z",
    "user": 1,
    "content_type": 10,
    "object_id": "3",
    "object_repr": "Alexander Villaq - rataresa@gmail.com",
    "action_flag": 2,
    "change_message": "[{\"changed\": {\"fields\": [\"Telefono\"]}}]"
  }
},
{
  "model": "admin.logentry",
  "pk": 66,
  "fields": {
    "action_time": "2024-07-25T06:16:25.363Z",
    "user": 1,
    "content_type": 10,
    "object_id": "4",
    "object_repr": "Juan Perez - juanPerez@gmail.com",
    "action_flag": 2,
    "change_message": "[{\"changed\": {\"fields\": [\"Telefono\"]}}]"
  }
},
{
  "model": "auth.permission",
  "pk": 1,
  "fields": {
    "name": "Can add log entry",
    "content_type": 1,
    "codename": "add_logentry"
  }
},
{
  "model": "auth.permission",
  "pk": 2,
  "fields": {
    "name": "Can change log entry",
    "content_type": 1,
    "codename": "change_logentry"
  }
},
{
  "model": "auth.permission",
  "pk": 3,
  "fields": {
    "name": "Can delete log entry",
    "content_type": 1,
    "codename": "delete_logentry"
  }
},
{
  "model": "auth.permission",
  "pk": 4,
  "fields": {
    "name": "Can view log entry",
    "content_type": 1,
    "codename": "view_logentry"
  }
},
{
  "model": "auth.permission",
  "pk": 5,
  "fields": {
    "name": "Can add permission",
    "content_type": 2,
    "codename": "add_permission"
  }
},
{
  "model": "auth.permission",
  "pk": 6,
  "fields": {
    "name": "Can change permission",
    "content_type": 2,
    "codename": "change_permission"
  }
},
{
  "model": "auth.permission",
  "pk": 7,
  "fields": {
    "name": "Can delete permission",
    "content_type": 2,
    "codename": "delete_permission"
  }
},
{
  "model": "auth.permission",
  "pk": 8,
  "fields": {
    "name": "Can view permission",
    "content_type": 2,
    "codename": "view_permission"
  }
},
{
  "model": "auth.permission",
  "pk": 9,
  "fields": {
    "name": "Can add group",
    "content_type": 3,
    "codename": "add_group"
  }
},
{
  "model": "auth.permission",
  "pk": 10,
  "fields": {
    "name": "Can change group",
    "content_type": 3,
    "codename": "change_group"
  }
},
{
  "model": "auth.permission",
  "pk": 11,
  "fields": {
    "name": "Can delete group",
    "content_type": 3,
    "codename": "delete_group"
  }
},
{
  "model": "auth.permission",
  "pk": 12,
  "fields": {
    "name": "Can view group",
    "content_type": 3,
    "codename": "view_group"
  }
},
{
  "model": "auth.permission",
  "pk": 13,
  "fields": {
    "name": "Can add user",
    "content_type": 4,
    "codename": "add_user"
  }
},
{
  "model": "auth.permission",
  "pk": 14,
  "fields": {
    "name": "Can change user",
    "content_type": 4,
    "codename": "change_user"
  }
},
{
  "model": "auth.permission",
  "pk": 15,
  "fields": {
    "name": "Can delete user",
    "content_type": 4,
    "codename": "delete_user"
  }
},
{
  "model": "auth.permission",
  "pk": 16,
  "fields": {
    "name": "Can view user",
    "content_type": 4,
    "codename": "view_user"
  }
},
{
  "model": "auth.permission",
  "pk": 17,
  "fields": {
    "name": "Can add content type",
    "content_type": 5,
    "codename": "add_contenttype"
  }
},
{
  "model": "auth.permission",
  "pk": 18,
  "fields": {
    "name": "Can change content type",
    "content_type": 5,
    "codename": "change_contenttype"
  }
},
{
  "model": "auth.permission",
  "pk": 19,
  "fields": {
    "name": "Can delete content type",
    "content_type": 5,
    "codename": "delete_contenttype"
  }
},
{
  "model": "auth.permission",
  "pk": 20,
  "fields": {
    "name": "Can view content type",
    "content_type": 5,
    "codename": "view_contenttype"
  }
},
{
  "model": "auth.permission",
  "pk": 21,
  "fields": {
    "name": "Can add session",
    "content_type": 6,
    "codename": "add_session"
  }
},
{
  "model": "auth.permission",
  "pk": 22,
  "fields": {
    "name": "Can change session",
    "content_type": 6,
    "codename": "change_session"
  }
},
{
  "model": "auth.permission",
  "pk": 23,
  "fields": {
    "name": "Can delete session",
    "content_type": 6,
    "codename": "delete_session"
  }
},
{
  "model": "auth.permission",
  "pk": 24,
  "fields": {
    "name": "Can view session",
    "content_type": 6,
    "codename": "view_session"
  }
},
{
  "model": "auth.permission",
  "pk": 25,
  "fields": {
    "name": "Can add pelicula",
    "content_type": 7,
    "codename": "add_pelicula"
  }
},
{
  "model": "auth.permission",
  "pk": 26,
  "fields": {
    "name": "Can change pelicula",
    "content_type": 7,
    "codename": "change_pelicula"
  }
},
{
  "model": "auth.permission",
  "pk": 27,
  "fields": {
    "name": "Can delete pelicula",
    "content_type": 7,
    "codename": "delete_pelicula"
  }
},
{
  "model": "auth.permission",
  "pk": 28,
  "fields": {
    "name": "Can view pelicula",
    "content_type": 7,
    "codename": "view_pelicula"
  }
},
{
  "model": "auth.permission",
  "pk": 29,
  "fields": {
    "name": "Can add boleto",
    "content_type": 8,
    "codename": "add_boleto"
  }
},
{
  "model": "auth.permission",
  "pk": 30,
  "fields": {
    "name": "Can change boleto",
    "content_type": 8,
    "codename": "change_boleto"
  }
},
{
  "model": "auth.permission",
  "pk": 31,
  "fields": {
    "name": "Can delete boleto",
    "content_type": 8,
    "codename": "delete_boleto"
  }
},
{
  "model": "auth.permission",
  "pk": 32,
  "fields": {
    "name": "Can view boleto",
    "content_type": 8,
    "codename": "view_boleto"
  }
},
{
  "model": "auth.permission",
  "pk": 33,
  "fields": {
    "name": "Can add funcion",
    "content_type": 9,
    "codename": "add_funcion"
  }
},
{
  "model": "auth.permission",
  "pk": 34,
  "fields": {
    "name": "Can change funcion",
    "content_type": 9,
    "codename": "change_funcion"
  }
},
{
  "model": "auth.permission",
  "pk": 35,
  "fields": {
    "name": "Can delete funcion",
    "content_type": 9,
    "codename": "delete_funcion"
  }
},
{
  "model": "auth.permission",
  "pk": 36,
  "fields": {
    "name": "Can view funcion",
    "content_type": 9,
    "codename": "view_funcion"
  }
},
{
  "model": "auth.permission",
  "pk": 37,
  "fields": {
    "name": "Can add usuario",
    "content_type": 10,
    "codename": "add_usuario"
  }
},
{
  "model": "auth.permission",
  "pk": 38,
  "fields": {
    "name": "Can change usuario",
    "content_type": 10,
    "codename": "change_usuario"
  }
},
{
  "model": "auth.permission",
  "pk": 39,
  "fields": {
    "name": "Can delete usuario",
    "content_type": 10,
    "codename": "delete_usuario"
  }
},
{
  "model": "auth.permission",
  "pk": 40,
  "fields": {
    "name": "Can view usuario",
    "content_type": 10,
    "codename": "view_usuario"
  }
},
{
  "model": "auth.user",
  "pk": 1,
  "fields": {
    "password": "pbkdf2_sha256$720000$wW8VPN7wtHRrqQM9jI7Osh$MnhDf2BwpTYbyVCnremiSBl7nwotFdWzS8O+ZIKyT8I=",
    "last_login": "2024-07-27T22:36:45.915Z",
    "is_superuser": true,
    "username": "admin",
    "first_name": "",
    "last_name": "",
    "email": "",
    "is_staff": true,
    "is_active": true,
    "date_joined": "2024-07-01T01:14:51.673Z",
    "groups": [],
    "user_permissions": []
  }
},
{
  "model": "auth.user",
  "pk": 2,
  "fields": {
    "password": "",
    "last_login": null,
    "is_superuser": false,
    "username": "Alexander Villafuerte Quispe",
    "first_name": "",
    "last_name": "",
    "email": "avillafuerteq@unsa.edu.pe",
    "is_staff": false,
    "is_active": true,
    "date_joined": "2024-07-21T00:13:37.329Z",
    "groups": [],
    "user_permissions": []
  }
},
{
  "model": "auth.user",
  "pk": 3,
  "fields": {
    "password": "",
    "last_login": null,
    "is_superuser": false,
    "username": "Alexander Villaq",
    "first_name": "",
    "last_name": "",
    "email": "rataresa@gmail.com",
    "is_staff": false,
    "is_active": true,
    "date_joined": "2024-07-23T04:17:54.637Z",
    "groups": [],
    "user_permissions": []
  }
},
{
  "model": "sessions.session",
  "pk": "bvp92e9u9281a7bik9c2zgihn221i75r",
  "fields": {
    "session_data": ".eJxVjEEOwiAQRe_C2hAozLS4dN8zkGGgUjWQlHZlvLtt0oVu_3vvv4Wnbc1-a2nxcxRXocXldwvEz1QOEB9U7lVyLesyB3ko8qRNjjWm1-10_w4ytbzX1nGA3kFS7AjCQKDQGAq4A4tWE0CfFNLEWnOnwBinwdIUcWBU0InPF86mNwk:1sWrbq:qKSOlVVpdcWEU1aJDGAVFoHi5r_0PWvihzGDhiIUdzo",
    "expire_date": "2024-08-08T06:05:50.226Z"
  }
},
{
  "model": "sessions.session",
  "pk": "je3d66eqbyehft7792c61exle8zxqh35",
  "fields": {
    "session_data": ".eJxVjEEOwiAQRe_C2hAozLS4dN8zkGGgUjWQlHZlvLtt0oVu_3vvv4Wnbc1-a2nxcxRXocXldwvEz1QOEB9U7lVyLesyB3ko8qRNjjWm1-10_w4ytbzX1nGA3kFS7AjCQKDQGAq4A4tWE0CfFNLEWnOnwBinwdIUcWBU0InPF86mNwk:1sO5dy:FpZIIga_e9wJHGAd1wspveYxAr379P24Z3Xr6XjXxfc",
    "expire_date": "2024-07-15T01:15:46.475Z"
  }
},
{
  "model": "sessions.session",
  "pk": "qhwlut44u34klmo8te4su5lu8qx5eu99",
  "fields": {
    "session_data": ".eJxVjMEOgjAQRP-lZ9NsYSmsR-98Q9NttxY1JaFwMv67kHDQ0yTz3sxbOb-t2W1VFjdFdVVGXX479uEp5QDx4ct91mEu6zKxPhR90qrHOcrrdrp_B9nXvK9p6FrqrSWDQCSD4UReQkSCFLjjuEfPvkFokakBQOCQEJOxRhhAfb7Qzzea:1sXq1t:oqT1sznO2oTFyqNW5kafqLSE5oH6z0tl1K2f8pJov8Q",
    "expire_date": "2024-08-10T22:36:45.967Z"
  }
},
{
  "model": "sessions.session",
  "pk": "qqajljsb3wj1ngp7yeo2foha63o73xp4",
  "fields": {
    "session_data": ".eJxVjEEOwiAQRe_C2hAozLS4dN8zkGGgUjWQlHZlvLtt0oVu_3vvv4Wnbc1-a2nxcxRXocXldwvEz1QOEB9U7lVyLesyB3ko8qRNjjWm1-10_w4ytbzX1nGA3kFS7AjCQKDQGAq4A4tWE0CfFNLEWnOnwBinwdIUcWBU0InPF86mNwk:1sOgfs:_ng7cLl1S6vs1InevXssWZcSCPUAgpYU_gEE73I9b68",
    "expire_date": "2024-07-16T16:48:12.188Z"
  }
},
{
  "model": "api.usuario",
  "pk": 2,
  "fields": {
    "username": "Alexander Villafuerte Quispe",
    "email": "avillafuerteq@unsa.edu.pe",
    "dni": "11111111",
    "telefono": "+51988088793"
  }
},
{
  "model": "api.usuario",
  "pk": 3,
  "fields": {
    "username": "Alexander Villaq",
    "email": "rataresa@gmail.com",
    "dni": "76766578",
    "telefono": "+51988088793"
  }
},
{
  "model": "api.usuario",
  "pk": 4,
  "fields": {
    "username": "Juan Perez",
    "email": "juanPerez@gmail.com",
    "dni": "78945612",
    "telefono": "+51988088793"
  }
},
{
  "model": "api.usuario",
  "pk": 5,
  "fields": {
    "username": "Pedro Maza",
    "email": "rataresa@gmail.com",
    "dni": "74125896",
    "telefono": "+51988088793"
  }
},
{
  "model": "api.pelicula",
  "pk": 3,
  "fields": {
    "titulo": "Del revés 2 (Inside Out 2)",
    "descripcion": "Vuelve a la mente de Riley, quien acaba de convertirse en adolescente, en el momento en que la Central se enfrenta a una reforma para hacer sitio a algo completamente inesperado: ¡nuevas Emociones! Alegría, Tristeza, Ira, Miedo y Asco, que llevan muchos años al mando de una operación exitosa, no saben muy bien qué sentir cuando aparece Ansiedad, que además no ha llegado sola. Se ha traído a Vergüenza, Envidia y Ennui.",
    "fecha_estreno": "2024-06-11",
    "duracion": 97,
    "director": "Kelsey Mann",
    "poster_url": "https://image.tmdb.org/t/p/w1280/2PuAY3xSvbchQWqpSiXw08Yt0NP.jpg",
    "trailer_url": "9bol4Yyx9Gs",
    "total_votos": 1938,
    "promedio_votos": 7.68,
    "tmdb_id": 1022789
  }
},
{
  "model": "api.pelicula",
  "pk": 4,
  "fields": {
    "titulo": "Un lugar tranquilo: Día uno",
    "descripcion": "Una mujer llamada Sam trata de sobrevivir a una invasión en la ciudad de Nueva York por criaturas alienígenas sedientas de sangre con oídos ultrasónicos. Tercera entrega de la saga.",
    "fecha_estreno": "2024-06-26",
    "duracion": 99,
    "director": "Michael Sarnoski",
    "poster_url": "https://image.tmdb.org/t/p/w1280/jGOi939xU8BDRfAAhN6eiTSf3H8.jpg",
    "trailer_url": "LGA1kbn_AS8",
    "total_votos": 448,
    "promedio_votos": 6.91,
    "tmdb_id": 762441
  }
},
{
  "model": "api.pelicula",
  "pk": 5,
  "fields": {
    "titulo": "Los vigilantes",
    "descripcion": "Sigue a Mina, una artista de 28 años que queda varada en un bosque en el oeste de Irlanda. Cuando Mina encuentra refugio, sin saberlo, queda atrapada junto a tres extraños que son observados y acechados por misteriosas criaturas cada noche.",
    "fecha_estreno": "2024-06-06",
    "duracion": 102,
    "director": "Ishana Night Shyamalan",
    "poster_url": "https://image.tmdb.org/t/p/w1280/13G0wKhucGWiERNloOicAuzQIyd.jpg",
    "trailer_url": "05vDpEnuLWI",
    "total_votos": 517,
    "promedio_votos": 6.54,
    "tmdb_id": 1086747
  }
},
{
  "model": "api.pelicula",
  "pk": 6,
  "fields": {
    "titulo": "Gru 4. Mi villano favorito",
    "descripcion": "Gru, Lucy y las niñas -Margo, Edith y Agnes- dan la bienvenida a un nuevo miembro en la familia: Gru Junior, que parece llegar con el propósito de ser un suplicio para su padre. Gru tendrá que enfrentarse en esta ocasión a su nueva némesis Maxime Le Mal y su sofisticada y malévola novia Valentina, lo que obligará a la familia a tener que darse a la fuga. Cuarta entrega de 'Gru, mi villano favorito'.",
    "fecha_estreno": "2024-06-20",
    "duracion": 95,
    "director": "Chris Renaud",
    "poster_url": "https://image.tmdb.org/t/p/w1280/6BcxgP05jDip4Zjh2P5Be2aNi0Z.jpg",
    "trailer_url": "OL0XUbEEwvo",
    "total_votos": 333,
    "promedio_votos": 7.37,
    "tmdb_id": 519182
  }
},
{
  "model": "api.pelicula",
  "pk": 7,
  "fields": {
    "titulo": "Garfield: la película",
    "descripcion": "El mundialmente famoso Garfield, el gato casero que odia los lunes y que adora la lasaña, está a punto de vivir una aventura ¡en el salvaje mundo exterior! Tras una inesperada reunión con su largamente perdido padre – el desaliñado gato callejero Vic – Garfield y su amigo canino Odie se ven forzados a abandonar sus perfectas y consentidas vidas al unirse a Vic en un hilarante y muy arriesgado atraco.",
    "fecha_estreno": "2024-04-30",
    "duracion": 101,
    "director": "Mark Dindal",
    "poster_url": "https://image.tmdb.org/t/p/w1280/6QR2FOCQr41gSduN70WulRIhJb7.jpg",
    "trailer_url": "QhK_2Jo1u9A",
    "total_votos": 500,
    "promedio_votos": 7.27,
    "tmdb_id": 748783
  }
},
{
  "model": "api.pelicula",
  "pk": 8,
  "fields": {
    "titulo": "Immaculate",
    "descripcion": "Cecilia, una mujer de fe devota, recibe una calurosa bienvenida en la perfecta campiña italiana, donde se le ofrece un nuevo papel en un ilustre convento. Pero se vuelve más claro para Cecilia que su nuevo hogar alberga oscuros y horribles secretos.",
    "fecha_estreno": "2024-03-20",
    "duracion": 89,
    "director": "Michael Mohan",
    "poster_url": "https://image.tmdb.org/t/p/w1280/kz4y4ngB2DyhIwe81hL76Jj6rKU.jpg",
    "trailer_url": "1lz5tE0Mkh0",
    "total_votos": 710,
    "promedio_votos": 6.32,
    "tmdb_id": 1041613
  }
},
{
  "model": "api.pelicula",
  "pk": 9,
  "fields": {
    "titulo": "Kill Boy",
    "descripcion": "Boy (Bill Skarsgård) es un joven que deberá enfrentarse a la desquiciada matriarca de una corrupta dinastía postapocalíptica que lo dejó huérfano, sordo y sin voz. Tras vivir una trágica infancia, un enigmático chamán (Yayan Ruhian) le convertirá en un instrumento de venganza y lo soltará en su lejana distopía en vísperas de la matanza anual de disidentes. Intentando encontrar su lugar, Boy se unirá a un grupo de resistencia a la vez que mantendrá intensas discusiones con el fantasma de su rebelde hermana pequeña.",
    "fecha_estreno": "2024-04-24",
    "duracion": 110,
    "director": "Moritz Mohr",
    "poster_url": "https://image.tmdb.org/t/p/w1280/hgYhI7bzV3IVh4aUzfFi1C1j2sW.jpg",
    "trailer_url": "",
    "total_votos": 359,
    "promedio_votos": 6.87,
    "tmdb_id": 882059
  }
},
{
  "model": "api.pelicula",
  "pk": 10,
  "fields": {
    "titulo": "Deadpool y Lobezno",
    "descripcion": "Tercera entrega de la saga \"Deadpool\".",
    "fecha_estreno": "2024-07-24",
    "duracion": 0,
    "director": "Shawn Levy",
    "poster_url": "https://image.tmdb.org/t/p/w1280/bnReVrFK78PWdfv1CA5btoQDt9v.jpg",
    "trailer_url": "V4ZDKt9KICo",
    "total_votos": 0,
    "promedio_votos": 0.0,
    "tmdb_id": 533535
  }
},
{
  "model": "api.pelicula",
  "pk": 11,
  "fields": {
    "titulo": "Hit Man. Asesino por casualidad",
    "descripcion": "Gary Johnson es el asesino profesional más buscado de Nueva Orleans. Para sus clientes, es el sicario ideal. Pero si le pagas para que elimine a un cónyuge infiel o a un jefe maltratador, será mejor que tengas cuidado: trabaja para la policía. Cuando rompe el protocolo para ayudar a una mujer desesperada que intenta huir de un marido maltratador, se convierte en uno de sus falsos personajes, se enamora de la mujer y coquetea con convertirse él mismo en un criminal.",
    "fecha_estreno": "2024-05-16",
    "duracion": 116,
    "director": "Richard Linklater",
    "poster_url": "https://image.tmdb.org/t/p/w1280/lUA3eDLlgeWORvuuUz3s7vLHa1s.jpg",
    "trailer_url": "QpOC3BWsbw8",
    "total_votos": 555,
    "promedio_votos": 7.04,
    "tmdb_id": 974635
  }
},
{
  "model": "api.pelicula",
  "pk": 12,
  "fields": {
    "titulo": "I Saw the TV Glow",
    "descripcion": "",
    "fecha_estreno": "2024-05-03",
    "duracion": 100,
    "director": "Jane Schoenbrun",
    "poster_url": "https://image.tmdb.org/t/p/w1280/hS4GYkYpN1rfl4GIxyc02sCyfAj.jpg",
    "trailer_url": "",
    "total_votos": 123,
    "promedio_votos": 5.83,
    "tmdb_id": 858017
  }
},
{
  "model": "api.pelicula",
  "pk": 13,
  "fields": {
    "titulo": "El último late night",
    "descripcion": "Una transmisión de televisión en vivo en 1977 sale terriblemente mal, desatando el mal en las salas de estar de la nación.",
    "fecha_estreno": "2024-03-19",
    "duracion": 93,
    "director": "Cameron Cairnes",
    "poster_url": "https://image.tmdb.org/t/p/w1280/x7phbLV4IpiOo3P8GUoGpz9Pjw0.jpg",
    "trailer_url": "ypIGQrrmq0U",
    "total_votos": 604,
    "promedio_votos": 7.31,
    "tmdb_id": 938614
  }
},
{
  "model": "api.pelicula",
  "pk": 14,
  "fields": {
    "titulo": "La creación de los dioses: El reino de las tormentas",
    "descripcion": "Una epopeya de fantasía oriental que recrea las prolongadas guerras míticas entre humanos, inmortales y monstruos que tuvieron lugar hace más de tres mil años.",
    "fecha_estreno": "2023-07-20",
    "duracion": 148,
    "director": "Wuershan",
    "poster_url": "https://image.tmdb.org/t/p/w1280/p1p3KHxTeKYvZG3KTJYDYSVygJs.jpg",
    "trailer_url": "",
    "total_votos": 322,
    "promedio_votos": 7.12,
    "tmdb_id": 856289
  }
},
{
  "model": "api.pelicula",
  "pk": 15,
  "fields": {
    "titulo": "Estoy Bien?",
    "descripcion": "Lucy y Jane han sido mejores amigas toda su vida. Solo cuando Lucy se embarque en un viaje personal, se enfrentará a una prueba de su amistad y de su sentido de sí misma, en un camino que quizás no esté del todo preparada para tomar.",
    "fecha_estreno": "2024-06-11",
    "duracion": 86,
    "director": "Tig Notaro",
    "poster_url": "https://image.tmdb.org/t/p/w1280/arVt18It7zOpOa2WZTzMiBxmyrY.jpg",
    "trailer_url": "",
    "total_votos": 138,
    "promedio_votos": 6.5,
    "tmdb_id": 641934
  }
},
{
  "model": "api.pelicula",
  "pk": 16,
  "fields": {
    "titulo": "Sting. Araña asesina",
    "descripcion": "Pelicula inspirada en uno de los mayores temores de la humanidad, la aracnofobia, más monstruosa que nunca.",
    "fecha_estreno": "2024-04-12",
    "duracion": 92,
    "director": "Kiah Roache-Turner",
    "poster_url": "https://image.tmdb.org/t/p/w1280/zuSAZIG1PSrxFwPeAlGtg9LTwxo.jpg",
    "trailer_url": "",
    "total_votos": 160,
    "promedio_votos": 6.4,
    "tmdb_id": 1087388
  }
},
{
  "model": "api.pelicula",
  "pk": 17,
  "fields": {
    "titulo": "El juego de las 100 velas: La última posesión",
    "descripcion": "Un grupo de influencers decide practicar un juego paranormal en la misteriosa Mansión Stonewall. Para ello, forman un círculo con cien velas encendidas y comienzan a narrar historias de terror en vivo para sus redes sociales, sin saber que este lugar esconde un oscuro pasado. Han despertado algo maligno. Los jóvenes deberán continuar con el juego hasta el final, si es que quieren sobrevivir.",
    "fecha_estreno": "2023-11-09",
    "duracion": 73,
    "director": "Carlos Goitia",
    "poster_url": "https://image.tmdb.org/t/p/w1280/t5mDBhuOzM5joe57KV86lcMWODs.jpg",
    "trailer_url": "",
    "total_votos": 20,
    "promedio_votos": 6.47,
    "tmdb_id": 1211728
  }
},
{
  "model": "api.pelicula",
  "pk": 18,
  "fields": {
    "titulo": "Winnie de Pooh: Miel y Sangre 2",
    "descripcion": "En lo más profundo del Bosque de los Cien Acres, crece una furia destructiva cuando Winnie-the-Pooh, Piglet, Owl y Tigger ven peligrar su hogar y sus vidas después de que Christopher Robin revelara su existencia. No queriendo seguir viviendo en la sombra, el grupo decide llevar la lucha al pueblo de Ashdown, hogar de Christopher Robin, dejando un sangriento rastro de muerte y caos a su paso. Winnie y sus salvajes amigos demostrarán a todo el mundo que son más mortíferos, más fuertes y más listos de lo que nadie podría imaginar y conseguirán vengarse de Christopher Robin, de una vez por todas.",
    "fecha_estreno": "2024-03-26",
    "duracion": 92,
    "director": "Rhys Frake-Waterfield",
    "poster_url": "https://image.tmdb.org/t/p/w1280/4IwPhjSR3Jel5aAuvITAy8NmNH2.jpg",
    "trailer_url": "",
    "total_votos": 133,
    "promedio_votos": 6.65,
    "tmdb_id": 1079485
  }
},
{
  "model": "api.pelicula",
  "pk": 19,
  "fields": {
    "titulo": "Vermin: La plaga",
    "descripcion": "Kaleb está a punto de cumplir 30 años y nunca ha estado más solo. Está peleando con su hermana por un asunto de herencia y ha cortado los lazos con su mejor amigo. Apasionado por los animales exóticos, un día llega a casa con una araña venenosa y accidentalmente la deja escapar.",
    "fecha_estreno": "2023-12-27",
    "duracion": 106,
    "director": "Sébastien Vaniček",
    "poster_url": "https://image.tmdb.org/t/p/w1280/r55TNWDn1tr1l8tEb5gDHG1Tf70.jpg",
    "trailer_url": "",
    "total_votos": 287,
    "promedio_votos": 6.77,
    "tmdb_id": 1063879
  }
},
{
  "model": "api.pelicula",
  "pk": 20,
  "fields": {
    "titulo": "Sangre en los labios",
    "descripcion": "Jackie está decidida a triunfar como culturista y se dirige a Las Vegas para participar en una competición. En su camino, pasa por un pequeño pueblo de Nuevo México donde conoce a Lou, la solitaria gerente del gimnasio local. El padre de Lou es traficante de armas y lleva las riendas de un sindicato del crimen. Jackie y Lou se enamoran. Pero su relación provoca violencia y ambas se ven inmersas en las maquinaciones de la familia de Lou.",
    "fecha_estreno": "2024-03-08",
    "duracion": 104,
    "director": "Rose Glass",
    "poster_url": "https://image.tmdb.org/t/p/w1280/yEQKiZOVzVZquN7R6BRyY4n6JET.jpg",
    "trailer_url": "3te4Q-DAvTU",
    "total_votos": 331,
    "promedio_votos": 6.56,
    "tmdb_id": 948549
  }
},
{
  "model": "api.pelicula",
  "pk": 21,
  "fields": {
    "titulo": "El rey león",
    "descripcion": "La sabana africana es el escenario en el que tienen lugar las aventuras de Simba, un pequeño león que es el heredero del trono. Sin embargo, se ve forzado a exiliarse al ser injustamente acusado de la muerte de su padre. Durante su destierro, hará buenas amistades y, finalmente, regresará para recuperar lo que legítimamente le corresponde.",
    "fecha_estreno": "1994-06-24",
    "duracion": 85,
    "director": "Roger Allers",
    "poster_url": "https://image.tmdb.org/t/p/w1280/b0MxU37dNmMwKtoPVYPKOZSIrIn.jpg",
    "trailer_url": "",
    "total_votos": 17895,
    "promedio_votos": 8.26,
    "tmdb_id": 8587
  }
},
{
  "model": "api.pelicula",
  "pk": 22,
  "fields": {
    "titulo": "Robot Dreams",
    "descripcion": "DOG es un perro solitario que vive en Manhattan. Un día decide construirse un robot, un amigo. Su amistad crece, hasta hacerse inseparables, al ritmo del Nueva York de los ochenta. Una noche de verano, Dog con gran pena, se ve obligado a abandonar a ROBOT en la playa. ¿Volverán a encontrarse?",
    "fecha_estreno": "2023-12-06",
    "duracion": 103,
    "director": "Pablo Berger",
    "poster_url": "https://image.tmdb.org/t/p/w1280/rUPJfjfNEbANXQrmCQfurOppqrA.jpg",
    "trailer_url": "Ob57Uo2OJMY",
    "total_votos": 418,
    "promedio_votos": 8.1,
    "tmdb_id": 838240
  }
},
{
  "model": "api.funcion",
  "pk": 3,
  "fields": {
    "pelicula": 4,
    "horario": "2024-07-01T14:38:16Z",
    "sala": "01",
    "asientos_ocupados": []
  }
},
{
  "model": "api.funcion",
  "pk": 4,
  "fields": {
    "pelicula": 3,
    "horario": "2024-07-01T14:38:26Z",
    "sala": "02",
    "asientos_ocupados": [
      "A5",
      "A6",
      "A8",
      "C4",
      "D7",
      "C2",
      "B4",
      "B6",
      "D1",
      "D2",
      "D4",
      "C5",
      "A1",
      "A2"
    ]
  }
},
{
  "model": "api.funcion",
  "pk": 5,
  "fields": {
    "pelicula": 4,
    "horario": "2024-07-01T14:38:36Z",
    "sala": "02",
    "asientos_ocupados": []
  }
},
{
  "model": "api.funcion",
  "pk": 6,
  "fields": {
    "pelicula": 4,
    "horario": "2024-07-01T19:01:34Z",
    "sala": "03",
    "asientos_ocupados": [
      "B2",
      "B4",
      "B6",
      "C6"
    ]
  }
},
{
  "model": "api.funcion",
  "pk": 7,
  "fields": {
    "pelicula": 4,
    "horario": "2024-07-01T19:02:43Z",
    "sala": "06",
    "asientos_ocupados": []
  }
},
{
  "model": "api.funcion",
  "pk": 8,
  "fields": {
    "pelicula": 3,
    "horario": "2024-07-01T19:01:53Z",
    "sala": "04",
    "asientos_ocupados": [
      "B2",
      "B3",
      "D3",
      "D4"
    ]
  }
},
{
  "model": "api.funcion",
  "pk": 9,
  "fields": {
    "pelicula": 3,
    "horario": "2024-07-11T18:00:00Z",
    "sala": "03",
    "asientos_ocupados": []
  }
},
{
  "model": "api.funcion",
  "pk": 10,
  "fields": {
    "pelicula": 3,
    "horario": "2024-07-11T06:00:00Z",
    "sala": "02",
    "asientos_ocupados": [
      "C2",
      "D2",
      "D3"
    ]
  }
},
{
  "model": "api.funcion",
  "pk": 11,
  "fields": {
    "pelicula": 3,
    "horario": "2024-07-11T14:00:00Z",
    "sala": "05",
    "asientos_ocupados": []
  }
},
{
  "model": "api.funcion",
  "pk": 12,
  "fields": {
    "pelicula": 3,
    "horario": "2024-07-20T06:00:00Z",
    "sala": "02",
    "asientos_ocupados": [
      "D3",
      "D4",
      "D5",
      "D6"
    ]
  }
},
{
  "model": "api.funcion",
  "pk": 13,
  "fields": {
    "pelicula": 3,
    "horario": "2024-07-20T15:00:00Z",
    "sala": "04",
    "asientos_ocupados": [
      "C2",
      "D1",
      "D2"
    ]
  }
},
{
  "model": "api.funcion",
  "pk": 14,
  "fields": {
    "pelicula": 3,
    "horario": "2024-07-20T18:00:00Z",
    "sala": "01",
    "asientos_ocupados": [
      "D1",
      "D2"
    ]
  }
},
{
  "model": "api.funcion",
  "pk": 15,
  "fields": {
    "pelicula": 4,
    "horario": "2024-07-09T08:00:00Z",
    "sala": "02",
    "asientos_ocupados": [
      "C5",
      "D5",
      "A5"
    ]
  }
},
{
  "model": "api.funcion",
  "pk": 16,
  "fields": {
    "pelicula": 4,
    "horario": "2024-07-09T12:00:00Z",
    "sala": "03",
    "asientos_ocupados": []
  }
},
{
  "model": "api.funcion",
  "pk": 17,
  "fields": {
    "pelicula": 4,
    "horario": "2024-07-13T15:00:00Z",
    "sala": "05",
    "asientos_ocupados": []
  }
},
{
  "model": "api.funcion",
  "pk": 18,
  "fields": {
    "pelicula": 4,
    "horario": "2024-07-13T15:00:00Z",
    "sala": "03",
    "asientos_ocupados": []
  }
},
{
  "model": "api.funcion",
  "pk": 19,
  "fields": {
    "pelicula": 4,
    "horario": "2024-07-18T14:00:00Z",
    "sala": "03",
    "asientos_ocupados": []
  }
},
{
  "model": "api.funcion",
  "pk": 20,
  "fields": {
    "pelicula": 6,
    "horario": "2024-07-22T14:00:00Z",
    "sala": "04",
    "asientos_ocupados": [
      "D1",
      "D2"
    ]
  }
},
{
  "model": "api.funcion",
  "pk": 21,
  "fields": {
    "pelicula": 6,
    "horario": "2024-07-22T18:00:00Z",
    "sala": "02",
    "asientos_ocupados": []
  }
},
{
  "model": "api.funcion",
  "pk": 23,
  "fields": {
    "pelicula": 13,
    "horario": "2024-07-24T14:00:00Z",
    "sala": "02",
    "asientos_ocupados": []
  }
},
{
  "model": "api.boleto",
  "pk": 6,
  "fields": {
    "funcion": 10,
    "usuario": 2,
    "tipo": "Adulto",
    "cantidad": 1,
    "monto_total": "10.00",
    "fecha_compra": "2024-07-21T00:37:41.865Z",
    "codigo_compra": "93c51448-3799-47ef-ac0c-d51af5c5c23c"
  }
},
{
  "model": "api.boleto",
  "pk": 7,
  "fields": {
    "funcion": 10,
    "usuario": 2,
    "tipo": "Niño",
    "cantidad": 1,
    "monto_total": "5.00",
    "fecha_compra": "2024-07-21T00:37:42.827Z",
    "codigo_compra": "93c51448-3799-47ef-ac0c-d51af5c5c23c"
  }
},
{
  "model": "api.boleto",
  "pk": 12,
  "fields": {
    "funcion": 15,
    "usuario": 2,
    "tipo": "Adulto",
    "cantidad": 1,
    "monto_total": "10.00",
    "fecha_compra": "2024-07-22T23:01:28.528Z",
    "codigo_compra": "c879c660-b0a7-4f67-bad7-729ae212d39e"
  }
},
{
  "model": "api.boleto",
  "pk": 24,
  "fields": {
    "funcion": 4,
    "usuario": 2,
    "tipo": "Adulto",
    "cantidad": 1,
    "monto_total": "10.00",
    "fecha_compra": "2024-07-22T23:21:04.164Z",
    "codigo_compra": "a7e4304d-db08-4934-92e1-52bc6eb454c2"
  }
},
{
  "model": "api.boleto",
  "pk": 25,
  "fields": {
    "funcion": 4,
    "usuario": 2,
    "tipo": "Niño",
    "cantidad": 3,
    "monto_total": "15.00",
    "fecha_compra": "2024-07-22T23:21:04.319Z",
    "codigo_compra": "a7e4304d-db08-4934-92e1-52bc6eb454c2"
  }
},
{
  "model": "api.boleto",
  "pk": 28,
  "fields": {
    "funcion": 4,
    "usuario": 2,
    "tipo": "Adulto",
    "cantidad": 3,
    "monto_total": "30.00",
    "fecha_compra": "2024-07-22T23:37:08.208Z",
    "codigo_compra": "881e63c7-d813-4e22-8302-c28967a7aec0"
  }
},
{
  "model": "api.boleto",
  "pk": 29,
  "fields": {
    "funcion": 4,
    "usuario": 2,
    "tipo": "Niño",
    "cantidad": 5,
    "monto_total": "25.00",
    "fecha_compra": "2024-07-22T23:37:08.435Z",
    "codigo_compra": "881e63c7-d813-4e22-8302-c28967a7aec0"
  }
},
{
  "model": "api.boleto",
  "pk": 30,
  "fields": {
    "funcion": 4,
    "usuario": 2,
    "tipo": "Adulto",
    "cantidad": 1,
    "monto_total": "10.00",
    "fecha_compra": "2024-07-23T00:05:07.665Z",
    "codigo_compra": "d055d700-fbf7-4749-bd6e-6475bb27af55"
  }
},
{
  "model": "api.boleto",
  "pk": 31,
  "fields": {
    "funcion": 4,
    "usuario": 2,
    "tipo": "Niño",
    "cantidad": 2,
    "monto_total": "10.00",
    "fecha_compra": "2024-07-23T00:05:09.081Z",
    "codigo_compra": "d055d700-fbf7-4749-bd6e-6475bb27af55"
  }
},
{
  "model": "api.boleto",
  "pk": 32,
  "fields": {
    "funcion": 4,
    "usuario": 2,
    "tipo": "Adulto",
    "cantidad": 1,
    "monto_total": "10.00",
    "fecha_compra": "2024-07-23T03:26:48.093Z",
    "codigo_compra": "df587ddd-19bf-4e84-9929-3adf5ec533a4"
  }
},
{
  "model": "api.boleto",
  "pk": 33,
  "fields": {
    "funcion": 4,
    "usuario": 2,
    "tipo": "Niño",
    "cantidad": 1,
    "monto_total": "5.00",
    "fecha_compra": "2024-07-23T03:26:48.222Z",
    "codigo_compra": "df587ddd-19bf-4e84-9929-3adf5ec533a4"
  }
},
{
  "model": "api.boleto",
  "pk": 34,
  "fields": {
    "funcion": 4,
    "usuario": 3,
    "tipo": "Adulto",
    "cantidad": 2,
    "monto_total": "20.00",
    "fecha_compra": "2024-07-23T04:17:54.750Z",
    "codigo_compra": "7f2f8ca9-f0d2-4a73-ac08-0cbb9f583193"
  }
},
{
  "model": "api.boleto",
  "pk": 35,
  "fields": {
    "funcion": 4,
    "usuario": 3,
    "tipo": "Adulto",
    "cantidad": 1,
    "monto_total": "10.00",
    "fecha_compra": "2024-07-23T06:02:15.052Z",
    "codigo_compra": "a40bc149-f8d1-46d0-a4eb-75cdc136dc22"
  }
},
{
  "model": "api.boleto",
  "pk": 36,
  "fields": {
    "funcion": 4,
    "usuario": 3,
    "tipo": "Niño",
    "cantidad": 1,
    "monto_total": "5.00",
    "fecha_compra": "2024-07-23T06:02:15.816Z",
    "codigo_compra": "a40bc149-f8d1-46d0-a4eb-75cdc136dc22"
  }
},
{
  "model": "api.boleto",
  "pk": 37,
  "fields": {
    "funcion": 6,
    "usuario": 3,
    "tipo": "Adulto",
    "cantidad": 2,
    "monto_total": "20.00",
    "fecha_compra": "2024-07-23T06:03:14.800Z",
    "codigo_compra": "95c7561d-011d-4385-b399-44345292294d"
  }
},
{
  "model": "api.boleto",
  "pk": 38,
  "fields": {
    "funcion": 6,
    "usuario": 3,
    "tipo": "Niño",
    "cantidad": 2,
    "monto_total": "10.00",
    "fecha_compra": "2024-07-23T06:03:15.070Z",
    "codigo_compra": "95c7561d-011d-4385-b399-44345292294d"
  }
},
{
  "model": "api.boleto",
  "pk": 39,
  "fields": {
    "funcion": 8,
    "usuario": 4,
    "tipo": "Adulto",
    "cantidad": 3,
    "monto_total": "30.00",
    "fecha_compra": "2024-07-23T06:42:32.138Z",
    "codigo_compra": "c21cd5f1-4c6b-48cf-b4e5-b17b900adc98"
  }
},
{
  "model": "api.boleto",
  "pk": 40,
  "fields": {
    "funcion": 8,
    "usuario": 4,
    "tipo": "Niño",
    "cantidad": 1,
    "monto_total": "5.00",
    "fecha_compra": "2024-07-23T06:42:32.181Z",
    "codigo_compra": "c21cd5f1-4c6b-48cf-b4e5-b17b900adc98"
  }
},
{
  "model": "api.boleto",
  "pk": 41,
  "fields": {
    "funcion": 10,
    "usuario": 2,
    "tipo": "Adulto",
    "cantidad": 1,
    "monto_total": "10.00",
    "fecha_compra": "2024-07-25T06:24:01.093Z",
    "codigo_compra": "6a176b20-6895-478e-b6a5-a9647e5e9714"
  }
},
{
  "model": "api.boleto",
  "pk": 42,
  "fields": {
    "funcion": 10,
    "usuario": 2,
    "tipo": "Niño",
    "cantidad": 2,
    "monto_total": "10.00",
    "fecha_compra": "2024-07-25T06:24:01.160Z",
    "codigo_compra": "6a176b20-6895-478e-b6a5-a9647e5e9714"
  }
},
{
  "model": "api.boleto",
  "pk": 43,
  "fields": {
    "funcion": 12,
    "usuario": 5,
    "tipo": "Adulto",
    "cantidad": 3,
    "monto_total": "30.00",
    "fecha_compra": "2024-07-25T06:33:44.989Z",
    "codigo_compra": "5124b803-ae16-4ef4-bc62-d8d4f62fdff7"
  }
},
{
  "model": "api.boleto",
  "pk": 44,
  "fields": {
    "funcion": 12,
    "usuario": 5,
    "tipo": "Niño",
    "cantidad": 1,
    "monto_total": "5.00",
    "fecha_compra": "2024-07-25T06:33:45.105Z",
    "codigo_compra": "5124b803-ae16-4ef4-bc62-d8d4f62fdff7"
  }
},
{
  "model": "api.boleto",
  "pk": 45,
  "fields": {
    "funcion": 13,
    "usuario": 3,
    "tipo": "Adulto",
    "cantidad": 2,
    "monto_total": "20.00",
    "fecha_compra": "2024-07-25T18:41:43.862Z",
    "codigo_compra": "ecb8e0ba-91e0-43d6-a3f6-c8810ffc6a6f"
  }
},
{
  "model": "api.boleto",
  "pk": 46,
  "fields": {
    "funcion": 13,
    "usuario": 3,
    "tipo": "Niño",
    "cantidad": 1,
    "monto_total": "5.00",
    "fecha_compra": "2024-07-25T18:41:44.022Z",
    "codigo_compra": "ecb8e0ba-91e0-43d6-a3f6-c8810ffc6a6f"
  }
},
{
  "model": "api.boleto",
  "pk": 47,
  "fields": {
    "funcion": 20,
    "usuario": 3,
    "tipo": "Adulto",
    "cantidad": 1,
    "monto_total": "10.00",
    "fecha_compra": "2024-07-26T13:50:02.154Z",
    "codigo_compra": "ec7de066-131c-40be-bbb4-8cb5288d16ff"
  }
},
{
  "model": "api.boleto",
  "pk": 48,
  "fields": {
    "funcion": 20,
    "usuario": 3,
    "tipo": "Niño",
    "cantidad": 1,
    "monto_total": "5.00",
    "fecha_compra": "2024-07-26T13:50:02.228Z",
    "codigo_compra": "ec7de066-131c-40be-bbb4-8cb5288d16ff"
  }
},
{
  "model": "api.boleto",
  "pk": 49,
  "fields": {
    "funcion": 14,
    "usuario": 3,
    "tipo": "Adulto",
    "cantidad": 2,
    "monto_total": "20.00",
    "fecha_compra": "2024-07-26T14:23:37.130Z",
    "codigo_compra": "8f3da062-7ca0-42cf-b78c-7c9dd263bdf1"
  }
},
{
  "model": "api.boleto",
  "pk": 50,
  "fields": {
    "funcion": 4,
    "usuario": 3,
    "tipo": "Adulto",
    "cantidad": 1,
    "monto_total": "10.00",
    "fecha_compra": "2024-07-26T16:04:07.727Z",
    "codigo_compra": "e63b33e6-5a02-4548-a751-9a581e8b5f44"
  }
},
{
  "model": "api.boleto",
  "pk": 51,
  "fields": {
    "funcion": 4,
    "usuario": 3,
    "tipo": "Niño",
    "cantidad": 1,
    "monto_total": "5.00",
    "fecha_compra": "2024-07-26T16:04:07.833Z",
    "codigo_compra": "e63b33e6-5a02-4548-a751-9a581e8b5f44"
  }
}
]
